,px,py,pz,sx,sy,sz
0,81.21682675,89.12641312,34.03387275,-770.5770263671875,27.537813186645508,309.2861633300781
1,81.21682675,89.12641312,34.03387275,-767.5087280273438,23.234037399291992,309.51727294921875
2,80.70325233734589,89.12641312,34.27335643165306,-727.8113403320312,156.82974243164062,354.54986572265625
3,80.1896779246918,89.12641312,34.512840113306126,-656.0203857421875,302.275634765625,502.8813781738281
4,79.67610351203768,89.12641312,34.75232379495919,-586.8840942382812,452.51947021484375,766.4325561523438
5,79.16252909938359,89.12641312,34.99180747661225,-550.2098999023438,589.2251586914062,927.031005859375
6,78.64895468672948,89.12641312,35.23129115826532,-480.5239562988281,736.1508178710938,1206.943359375
7,78.13538027407539,89.12641312,35.470774839918384,-411.2984619140625,886.9415283203125,1472.15478515625
8,77.62180586142128,89.12641312,35.71025852157145,-338.0704650878906,1042.6661376953125,1765.3759765625
9,77.10823144876719,89.12641312,35.94974220322451,-284.6025085449219,1184.5078125,1964.7969970703125
10,76.59465703611308,89.12641312,36.18922588487757,-215.62391662597656,1335.8958740234375,2206.88037109375
11,81.21682675,89.12641312,34.03387275,-809.9987182617188,20.940773010253906,323.064697265625
12,81.21682675,89.12641312,34.03387275,-806.2648315429688,21.555875778198242,326.68585205078125
13,80.68933162576828,89.12641312,34.24089933047429,-733.5826416015625,172.7019500732422,316.3899841308594
14,80.16183650153657,89.12641312,34.447925910948584,-673.1156005859375,320.4005126953125,546.1986083984375
15,79.63434137730485,89.12641312,34.654952491422875,-614.1953125,471.1292419433594,796.6800537109375
16,79.10684625307313,89.12641312,34.86197907189717,-556.7500610351562,624.8715209960938,1073.4393310546875
17,78.57935112884142,89.12641312,35.06900565237145,-534.853759765625,766.6572875976562,1282.6298828125
18,78.0518560046097,89.12641312,35.27603223284574,-471.1222839355469,926.4462280273438,1569.053466796875
19,77.52436088037798,89.12641312,35.483058813320035,-414.79376220703125,1079.73779296875,1850.4071044921875
20,76.99686575614628,89.12641312,35.69008539379433,-352.7619934082031,1245.390380859375,2158.54541015625
21,76.46937063191456,89.12641312,35.89711197426862,-305.2186279296875,1383.9287109375,2314.083740234375
22,81.21682675,89.12641312,34.03387275,-803.0956420898438,25.16829490661621,328.0542907714844
23,81.21682675,89.12641312,34.03387275,-796.0292358398438,27.689163208007812,295.2575988769531
24,80.67745979407859,89.12641312,34.207638103195556,-744.8631591796875,174.15841674804688,344.8111267089844
25,80.13809283815716,89.12641312,34.38140345639111,-696.9404296875,329.6137390136719,565.1188354492188
26,79.59872588223575,89.12641312,34.55516880958667,-644.6582641601562,479.7546691894531,833.4259033203125
27,79.05935892631433,89.12641312,34.728934162782224,-598.371337890625,638.3787231445312,1107.3685302734375
28,78.51999197039292,89.12641312,34.90269951597778,-544.1497192382812,799.3148803710938,1395.957275390625
29,77.9806250144715,89.12641312,35.076464869173336,-538.1166381835938,950.4928588867188,1657.037841796875
30,77.44125805855009,89.12641312,35.25023022236889,-485.517822265625,1111.2025146484375,1920.5389404296875
31,76.90189110262867,89.12641312,35.42399557556445,-437.90081787109375,1275.97314453125,2220.15869140625
32,76.36252414670726,89.12641312,35.59776092876,-391.87506103515625,1444.2791748046875,2503.45947265625
33,81.21682675,89.12641312,34.03387275,-816.947265625,20.18165397644043,376.06268310546875
34,81.21682675,89.12641312,34.03387275,-819.9632568359375,19.482128143310547,375.1581726074219
35,80.66768295447018,89.12641312,34.1737019420245,-767.75439453125,176.41607666015625,399.6197814941406
36,80.11853915894038,89.12641312,34.313531134049,-728.68798828125,335.56787109375,608.2919311523438
37,79.56939536341056,89.12641312,34.4533603260735,-692.3095703125,495.90869140625,860.651611328125
38,79.02025156788075,89.12641312,34.593189518098,-677.0377197265625,643.0546264648438,1092.90673828125
39,78.47110777235095,89.12641312,34.7330187101225,-639.9873046875,809.6709594726562,1427.9404296875
40,77.92196397682113,89.12641312,34.872847902147,-602.30078125,974.0799560546875,1725.7867431640625
41,77.37282018129132,89.12641312,35.0126770941715,-567.215576171875,1142.4737548828125,2019.005859375
42,76.82367638576152,89.12641312,35.152506286196,-530.7764282226562,1312.1395263671875,2324.207763671875
43,76.2745325902317,89.12641312,35.2923354782205,-488.5013122558594,1480.76513671875,2599.775634765625
44,81.21682675,89.12641312,34.03387275,-814.8353271484375,23.712890625,372.3769226074219
45,81.21682675,89.12641312,34.03387275,-820.1278686523438,20.649120330810547,372.2639465332031
46,80.66003908183447,89.12641312,34.13922266072565,-767.1854248046875,181.7753143310547,385.2298583984375
47,80.10325141366894,89.12641312,34.2445725714513,-740.134033203125,342.538818359375,601.0720825195312
48,79.5464637455034,89.12641312,34.34992248217696,-711.4127197265625,502.5709228515625,887.8580322265625
49,78.98967607733788,89.12641312,34.45527239290261,-684.8425903320312,669.9053344726562,1207.3037109375
50,78.43288840917235,89.12641312,34.56062230362826,-656.9798583984375,835.2536010742188,1519.6146240234375
51,77.87610074100682,89.12641312,34.66597221435391,-626.9218139648438,1004.3619384765625,1779.473388671875
52,77.31931307284128,89.12641312,34.771322125079564,-598.4533081054688,1172.793212890625,2076.536376953125
53,76.76252540467576,89.12641312,34.876672035805214,-569.7975463867188,1351.1767578125,2377.013427734375
54,76.20573773651023,89.12641312,34.982021946530864,-540.6773681640625,1525.3782958984375,2653.57177734375
55,81.21682675,89.12641312,34.03387275,-795.1483154296875,26.730960845947266,399.4449768066406
56,81.21682675,89.12641312,34.03387275,-798.3516235351562,25.399524688720703,398.0077209472656
57,80.65455786625989,89.12641312,34.10433418263358,-774.7650756835938,182.22206115722656,355.47637939453125
58,80.0922889825198,89.12641312,34.17479561526715,-759.2154541015625,339.72857666015625,611.0520629882812
59,79.5300200987797,89.12641312,34.24525704790073,-743.9478149414062,505.6855163574219,893.641845703125
60,78.9677512150396,89.12641312,34.3157184805343,-729.2483520507812,672.3250122070312,1182.6234130859375
61,78.40548233129951,89.12641312,34.38617991316788,-708.561767578125,841.6402587890625,1504.3997802734375
62,77.8432134475594,89.12641312,34.45664134580145,-696.2081909179688,1019.0763549804688,1839.302734375
63,77.2809445638193,89.12641312,34.52710277843503,-676.8580932617188,1182.63525390625,2088.32080078125
64,76.71867568007922,89.12641312,34.5975642110686,-660.3792114257812,1368.039306640625,2423.418701171875
65,76.15640679633911,89.12641312,34.66802564370218,-642.1394653320312,1542.630126953125,2713.406005859375
66,81.21682675,89.12641312,34.03387275,-797.1572875976562,26.818586349487305,399.19866943359375
67,81.21682675,89.12641312,34.03387275,-796.6085205078125,22.588367462158203,388.0774230957031
68,80.65126059771076,89.12641312,34.06917202047208,-783.8583984375,184.7995147705078,356.3653869628906
69,80.08569444542152,89.12641312,34.10447129094417,-780.610107421875,345.3131103515625,612.8384399414062
70,79.52012829313229,89.12641312,34.13977056141625,-775.1060180664062,507.1360778808594,890.107666015625
71,78.95456214084305,89.12641312,34.17506983188833,-772.513671875,676.1832275390625,1220.6279296875
72,78.38899598855383,89.12641312,34.21036910236042,-769.7675170898438,852.3076171875,1563.5614013671875
73,77.8234298362646,89.12641312,34.2456683728325,-761.874755859375,1029.65576171875,1892.9827880859375
74,77.25786368397536,89.12641312,34.28096764330458,-759.4308471679688,1204.2335205078125,2171.568359375
75,76.69229753168612,89.12641312,34.316266913776666,-753.6627197265625,1384.5396728515625,2506.873291015625
76,76.12673137939689,89.12641312,34.351566184248746,-748.687255859375,1563.343505859375,2790.605224609375
77,81.21682675,89.12641312,34.03387275,-794.0383911132812,23.48063850402832,397.74371337890625
78,81.21682675,89.12641312,34.03387275,-798.4915771484375,21.512849807739258,389.0212707519531
79,80.65016008333333,89.12641312,34.03387275,-796.9630126953125,184.76950073242188,366.9443664550781
80,80.08349341666667,89.12641312,34.03387275,-802.1981201171875,344.9793701171875,620.8148193359375
81,79.51682674999999,89.12641312,34.03387275,-806.3731689453125,506.11407470703125,910.222412109375
82,78.95016008333333,89.12641312,34.03387275,-816.1489868164062,680.8453979492188,1246.7080078125
83,78.38349341666667,89.12641312,34.03387275,-825.0313110351562,851.841796875,1596.4979248046875
84,77.81682675,89.12641312,34.03387275,-833.0581665039062,1030.6290283203125,1931.024658203125
85,77.25016008333333,89.12641312,34.03387275,-840.7933349609375,1209.1341552734375,2232.515625
86,76.68349341666666,89.12641312,34.03387275,-849.329833984375,1399.0643310546875,2582.044677734375
87,76.11682675,89.12641312,34.03387275,-856.637451171875,1582.2845458984375,2881.767333984375
88,81.21682675,89.12641312,34.03387275,-799.5182495117188,24.02188491821289,400.3511657714844
89,81.21682675,89.12641312,34.03387275,-798.534423828125,23.851728439331055,395.0159912109375
90,80.65126059771076,89.12641312,33.99857347952792,-805.1592407226562,179.96981811523438,376.2705383300781
91,80.08569444542152,89.12641312,33.96327420905583,-824.3290405273438,346.2804260253906,628.9205932617188
92,79.52012829313229,89.12641312,33.92797493858375,-843.704345703125,509.60870361328125,942.3623046875
93,78.95456214084305,89.12641312,33.89267566811167,-862.0537109375,685.609130859375,1308.075439453125
94,78.38899598855383,89.12641312,33.857376397639584,-883.9620361328125,860.86376953125,1656.30810546875
95,77.8234298362646,89.12641312,33.8220771271675,-902.7689819335938,1036.297607421875,1983.9783935546875
96,77.25786368397536,89.12641312,33.78677785669542,-927.5992431640625,1215.9718017578125,2299.268310546875
97,76.69229753168612,89.12641312,33.751478586223335,-946.7623901367188,1407.61669921875,2686.09716796875
98,76.12673137939689,89.12641312,33.716179315751255,-971.2189331054688,1599.3853759765625,3020.50341796875
99,81.21682675,89.12641312,34.03387275,-797.7442016601562,26.986164093017578,397.5023193359375
100,81.21682675,89.12641312,34.03387275,-799.5240478515625,23.38365364074707,396.40521240234375
101,80.65455786625989,89.12641312,33.96341131736642,-815.3973388671875,182.94505310058594,386.2980651855469
102,80.0922889825198,89.12641312,33.89294988473285,-846.884521484375,346.954345703125,668.5875244140625
103,79.5300200987797,89.12641312,33.82248845209927,-878.2103881835938,505.07293701171875,980.0807495117188
104,78.9677512150396,89.12641312,33.7520270194657,-910.8732299804688,680.0690307617188,1359.798095703125
105,78.40548233129951,89.12641312,33.68156558683212,-943.70068359375,855.9144897460938,1702.77587890625
106,77.8432134475594,89.12641312,33.61110415419855,-975.5926513671875,1037.14599609375,2029.0030517578125
107,77.2809445638193,89.12641312,33.54064272156497,-1010.3453979492188,1218.846923828125,2377.545654296875
108,76.71867568007922,89.12641312,33.4701812889314,-1046.15478515625,1404.3228759765625,2725.852783203125
109,76.15640679633911,89.12641312,33.39971985629782,-1078.4788818359375,1601.814697265625,3076.913818359375
110,81.21682675,89.12641312,34.03387275,-799.0538330078125,24.870777130126953,402.75042724609375
111,81.21682675,89.12641312,34.03387275,-797.7343139648438,25.343576431274414,396.927978515625
112,80.66003908183447,89.12641312,33.92852283927435,-827.6150512695312,181.623046875,393.5317687988281
113,80.10325141366894,89.12641312,33.8231729285487,-868.9780883789062,340.3372802734375,689.3624877929688
114,79.5464637455034,89.12641312,33.717823017823044,-911.3848266601562,504.6785583496094,1021.8731079101562
115,78.98967607733788,89.12641312,33.612473107097394,-955.2947387695312,678.3670654296875,1388.014404296875
116,78.43288840917235,89.12641312,33.507123196371744,-1001.14453125,851.463623046875,1734.3896484375
117,77.87610074100682,89.12641312,33.401773285646094,-1044.0665283203125,1028.614013671875,2062.23486328125
118,77.31931307284128,89.12641312,33.29642337492044,-1094.3304443359375,1212.4322509765625,2431.029296875
119,76.76252540467576,89.12641312,33.19107346419479,-1147.13232421875,1397.7572021484375,2768.321044921875
120,76.20573773651023,89.12641312,33.08572355346914,-1194.353271484375,1591.96240234375,3106.373779296875
121,81.21682675,89.12641312,34.03387275,-795.8939819335938,28.55568504333496,400.13623046875
122,81.21682675,89.12641312,34.03387275,-797.0494384765625,24.69588279724121,396.4369201660156
123,80.66768295447018,89.12641312,33.8940435579755,-837.6769409179688,177.3854217529297,413.2968444824219
124,80.11853915894038,89.12641312,33.754214365951,-888.9791870117188,334.5315246582031,692.9666748046875
125,79.56939536341056,89.12641312,33.6143851739265,-945.3994750976562,499.48162841796875,1058.2401123046875
126,79.02025156788075,89.12641312,33.474555981902,-999.72412109375,671.6241455078125,1421.6531982421875
127,78.47110777235095,89.12641312,33.3347267898775,-1061.0089111328125,845.425537109375,1797.6541748046875
128,77.92196397682113,89.12641312,33.194897597853,-1119.6527099609375,1024.32763671875,2171.00439453125
129,77.37282018129132,89.12641312,33.0550684058285,-1181.55322265625,1209.8131103515625,2549.71875
130,76.82367638576152,89.12641312,32.915239213804,-1247.1776123046875,1399.2293701171875,2878.3232421875
131,76.2745325902317,89.12641312,32.7754100217795,-1304.001708984375,1588.9246826171875,3235.736328125
132,81.21682675,89.12641312,34.03387275,-797.9486083984375,24.90414047241211,393.7679748535156
133,81.21682675,89.12641312,34.03387275,-799.0858154296875,29.326202392578125,396.5488586425781
134,80.67745979407857,89.12641312,33.860107396804445,-852.4199829101562,177.02088928222656,422.6231384277344
135,80.13809283815716,89.12641312,33.68634204360889,-910.6803588867188,331.13818359375,706.5872802734375
136,79.59872588223574,89.12641312,33.51257669041333,-978.7542114257812,491.003173828125,1085.7615966796875
137,79.05935892631433,89.12641312,33.33881133721778,-1047.313232421875,664.0008544921875,1476.1925048828125
138,78.51999197039291,89.12641312,33.16504598402222,-1120.7816162109375,836.5555419921875,1861.5416259765625
139,77.9806250144715,89.12641312,32.991280630826665,-1194.2608642578125,1016.8255004882812,2255.223388671875
140,77.44125805855008,89.12641312,32.81751527763111,-1271.0914306640625,1199.5380859375,2637.3232421875
141,76.90189110262867,89.12641312,32.643749924435554,-1346.0472412109375,1383.5406494140625,2957.500244140625
142,76.36252414670724,89.12641312,32.46998457124,-1423.1893310546875,1576.2586669921875,3341.138427734375
143,81.21682675,89.12641312,34.03387275,-799.8980102539062,26.757362365722656,409.59161376953125
144,81.21682675,89.12641312,34.03387275,-799.5319213867188,28.693761825561523,403.7781677246094
145,80.68933162576828,89.12641312,33.82684616952571,-857.4782104492188,171.61422729492188,418.1410217285156
146,80.16183650153657,89.12641312,33.61981958905142,-932.1689453125,324.88958740234375,706.7685546875
147,79.63434137730485,89.12641312,33.412793008577125,-1014.7645874023438,483.4404296875,1120.8828125
148,79.10684625307313,89.12641312,33.205766428102834,-1093.5257568359375,647.439697265625,1511.851318359375
149,78.57935112884142,89.12641312,32.99873984762855,-1178.29638671875,821.9180297851562,1913.2445068359375
150,78.0518560046097,89.12641312,32.79171326715426,-1264.50634765625,1000.4161376953125,2314.2294921875
151,77.52436088037798,89.12641312,32.584686686679966,-1358.862060546875,1183.70849609375,2703.409423828125
152,76.99686575614628,89.12641312,32.377660106205674,-1452.039306640625,1370.5906982421875,3086.671142578125
153,76.46937063191456,89.12641312,32.17063352573138,-1536.6195068359375,1555.5623779296875,3421.73486328125
154,81.21682675,89.12641312,34.03387275,-799.9115600585938,23.899906158447266,391.96942138671875
155,81.21682675,89.12641312,34.03387275,-800.9592895507812,29.62508201599121,388.6211853027344
156,80.70325233734589,89.12641312,33.79438906834694,-873.299560546875,173.33456420898438,420.7945861816406
157,80.1896779246918,89.12641312,33.554905386693875,-955.7166748046875,316.37908935546875,742.3563232421875
158,79.67610351203768,89.12641312,33.31542170504081,-1046.0810546875,474.5159912109375,1151.7623291015625
159,79.16252909938359,89.12641312,33.07593802338775,-1139.9517822265625,635.9517822265625,1533.8865966796875
160,78.64895468672948,89.12641312,32.83645434173469,-1238.1954345703125,808.449951171875,1945.8035888671875
161,78.13538027407539,89.12641312,32.596970660081624,-1335.7542724609375,979.8986206054688,2353.19775390625
162,77.62180586142128,89.12641312,32.35748697842856,-1443.6558837890625,1158.3375244140625,2746.18505859375
163,77.10823144876719,89.12641312,32.1180032967755,-1551.1895751953125,1345.216552734375,3162.5322265625
164,76.59465703611308,89.12641312,31.878519615122432,-1658.0074462890625,1528.943115234375,3524.921142578125
165,80.34682674999999,81.87641312,34.03387275,-805.0006713867188,-110.22211456298828,-42.106388092041016
166,80.34682674999999,81.87641312,34.03387275,-802.8921508789062,-110.64310455322266,-38.2780647277832
167,79.21268325538885,81.87641312,34.562732546983845,-723.619384765625,64.47078704833984,84.92085266113281
168,78.07853976077772,81.87641312,35.0915923439677,-643.1721801757812,235.4365692138672,242.55020141601562
169,76.94439626616656,81.87641312,35.62045214095154,-559.6625366210938,403.6818542480469,471.1950988769531
170,75.81025277155543,81.87641312,36.149311937935394,-474.69403076171875,577.7291870117188,734.21240234375
171,74.67610927694429,81.87641312,36.67817173491924,-415.5798034667969,735.9307861328125,972.7635498046875
172,73.54196578233315,81.87641312,37.20703153190309,-340.087646484375,900.2533569335938,1249.755615234375
173,72.407822287722,81.87641312,37.735891328886936,-264.67041015625,1051.4696044921875,1464.88330078125
174,71.27367879311086,81.87641312,38.26475112587079,-192.17478942871094,1198.7755126953125,1690.6292724609375
175,70.13953529849972,81.87641312,38.79361092285463,-120.21536254882812,1334.1143798828125,1861.4364013671875
176,80.34682674999999,81.87641312,34.03387275,-808.3285522460938,-112.78247833251953,74.34208679199219
177,80.34682674999999,81.87641312,34.03387275,-803.3251342773438,-110.1677474975586,72.8199691772461
178,79.18194168398828,81.87641312,34.49105644854739,-731.75439453125,69.94452667236328,93.01420593261719
179,78.01705661797658,81.87641312,34.948240147094786,-660.5634155273438,247.4630889892578,270.41168212890625
180,76.85217155196487,81.87641312,35.405423845642176,-592.0717163085938,422.9819030761719,529.1718139648438
181,75.68728648595317,81.87641312,35.862607544189565,-525.0934448242188,600.788330078125,804.1886596679688
182,74.52240141994147,81.87641312,36.31979124273696,-452.9326477050781,772.6069946289062,1053.0296630859375
183,73.35751635392977,81.87641312,36.77697494128435,-380.6851501464844,942.6560668945312,1332.0003662109375
184,72.19263128791806,81.87641312,37.23415863983174,-313.0789489746094,1099.0943603515625,1577.9266357421875
185,71.02774622190636,81.87641312,37.69134233837914,-280.4244384765625,1246.5196533203125,1806.9317626953125
186,69.86286115589465,81.87641312,38.148526036926526,-224.17660522460938,1381.5220947265625,1943.750732421875
187,80.34682674999999,81.87641312,34.03387275,-797.1624755859375,-108.68009185791016,77.56746673583984
188,80.34682674999999,81.87641312,34.03387275,-803.1323852539062,-112.52581787109375,69.63871765136719
189,79.1557247223402,81.87641312,34.41760457164019,-743.5405883789062,72.81642150878906,93.484375
190,77.9646226946804,81.87641312,34.80133639328037,-683.0574951171875,253.2073974609375,280.982666015625
191,76.7735206670206,81.87641312,35.18506821492056,-627.7078857421875,436.9345397949219,551.3771362304688
192,75.58241863936081,81.87641312,35.568800036560745,-569.9234619140625,619.2881469726562,835.0606689453125
193,74.39131661170103,81.87641312,35.952531858200935,-512.1015014648438,791.2332763671875,1092.0552978515625
194,73.20021458404123,81.87641312,36.33626367984112,-456.9818115234375,970.2896118164062,1392.790283203125
195,72.00911255638144,81.87641312,36.71999550148131,-397.6073913574219,1140.420166015625,1665.5216064453125
196,70.81801052872164,81.87641312,37.10372732312149,-345.6271667480469,1295.930908203125,1890.567138671875
197,69.62690850106185,81.87641312,37.48745914476168,-297.9378662109375,1441.5316162109375,2074.30029296875
198,80.34682674999999,81.87641312,34.03387275,-801.361083984375,-109.29788208007812,77.09877014160156
199,80.34682674999999,81.87641312,34.03387275,-804.2039184570312,-105.96578979492188,70.45449829101562
200,79.13413420153833,81.87641312,34.34266221572077,-756.8043823242188,75.93928527832031,98.30768585205078
201,77.92144165307666,81.87641312,34.65145168144154,-710.147705078125,261.88421630859375,291.7034606933594
202,76.708749104615,81.87641312,34.960241147162314,-666.279052734375,450.1800231933594,593.5760498046875
203,75.49605655615333,81.87641312,35.269030612883085,-619.9561767578125,635.876708984375,880.707763671875
204,74.28336400769166,81.87641312,35.57782007860385,-575.75439453125,817.0695190429688,1161.379150390625
205,73.07067145923,81.87641312,35.88660954432462,-534.7483520507812,996.0297241210938,1469.9241943359375
206,71.85797891076834,81.87641312,36.19539901004539,-486.5744934082031,1170.143798828125,1735.567138671875
207,70.64528636230666,81.87641312,36.50418847576616,-444.76165771484375,1335.107666015625,1987.656494140625
208,69.432593813845,81.87641312,36.812977941486935,-405.79595947265625,1484.6810302734375,2173.77685546875
209,80.34682674999999,81.87641312,34.03387275,-805.7227783203125,-108.56861877441406,73.08670806884766
210,80.34682674999999,81.87641312,34.03387275,-800.0418090820312,-111.43573760986328,77.65299987792969
211,79.11725398280112,81.87641312,34.26652046951915,-770.0419311523438,82.43611145019531,107.85527038574219
212,77.88768121560223,81.87641312,34.49916818903829,-735.1541137695312,269.00543212890625,309.9150085449219
213,76.65810844840335,81.87641312,34.731815908557444,-704.0311889648438,461.1136779785156,629.1165771484375
214,75.42853568120448,81.87641312,34.964463628076594,-673.3233642578125,653.4502563476562,960.88525390625
215,74.19896291400559,81.87641312,35.19711134759574,-639.0963745117188,839.3748168945312,1242.7852783203125
216,72.96939014680672,81.87641312,35.42975906711489,-608.5573120117188,1023.196533203125,1540.7713623046875
217,71.73981737960784,81.87641312,35.66240678663404,-575.8386840820312,1201.156982421875,1822.0477294921875
218,70.51024461240895,81.87641312,35.89505450615318,-544.7927856445312,1373.717041015625,2078.841552734375
219,69.28067184521008,81.87641312,36.12770222567233,-512.4127197265625,1525.3206787109375,2257.634521484375
220,80.34682674999999,81.87641312,34.03387275,-804.6637573242188,-107.2591552734375,75.67989349365234
221,80.34682674999999,81.87641312,34.03387275,-802.687744140625,-106.66162872314453,74.14291381835938
222,79.10514963174062,81.87641312,34.18947508039915,-781.57763671875,79.6380386352539,109.31282806396484
223,77.86347251348123,81.87641312,34.34507741079829,-762.5833740234375,271.29986572265625,320.64495849609375
224,76.62179539522185,81.87641312,34.50067974119744,-741.595458984375,467.5201416015625,666.6221923828125
225,75.38011827696246,81.87641312,34.65628207159658,-725.6154174804688,661.4237060546875,988.982177734375
226,74.13844115870309,81.87641312,34.81188440199573,-705.673583984375,853.44287109375,1286.4925537109375
227,72.8967640404437,81.87641312,34.96748673239487,-684.9276123046875,1042.107177734375,1618.117919921875
228,71.65508692218432,81.87641312,35.123089062794016,-668.5616455078125,1231.000732421875,1914.8792724609375
229,70.41340980392494,81.87641312,35.27869139319316,-652.5014038085938,1399.710205078125,2162.112060546875
230,69.17173268566556,81.87641312,35.434293723592305,-635.87548828125,1558.760498046875,2362.061279296875
231,80.34682674999999,81.87641312,34.03387275,-801.5238037109375,-106.22022247314453,70.3858413696289
232,80.34682674999999,81.87641312,34.03387275,-801.9373168945312,-107.68429565429688,62.21221160888672
233,79.0978681636946,81.87641312,34.11182530562585,-794.65283203125,84.1895751953125,124.83455657958984
234,77.84890957738921,81.87641312,34.1897778612517,-789.0313720703125,276.1080017089844,358.6783447265625
235,76.59995099108382,81.87641312,34.26773041687755,-786.07275390625,474.2740173339844,698.1956176757812
236,75.35099240477842,81.87641312,34.3456829725034,-777.8629150390625,669.1995849609375,1026.3267822265625
237,74.10203381847302,81.87641312,34.423635528129246,-776.7195434570312,864.4838256835938,1331.7559814453125
238,72.85307523216763,81.87641312,34.501588083755095,-767.6011962890625,1060.5853271484375,1681.7308349609375
239,71.60411664586223,81.87641312,34.579540639380944,-763.9751586914062,1246.4749755859375,1987.9075927734375
240,70.35515805955684,81.87641312,34.65749319500679,-756.7179565429688,1423.0047607421875,2249.7236328125
241,69.10619947325145,81.87641312,34.73544575063264,-752.0604248046875,1585.841796875,2441.478271484375
242,80.34682674999999,81.87641312,34.03387275,-801.6906127929688,-107.12977600097656,65.95885467529297
243,80.34682674999999,81.87641312,34.03387275,-805.4317626953125,-110.28103637695312,70.16558074951172
244,79.09543786111111,81.87641312,34.03387275,-808.8787841796875,85.92416381835938,133.66094970703125
245,77.84404897222221,81.87641312,34.03387275,-816.6985473632812,277.1946716308594,435.3067626953125
246,76.59266008333333,81.87641312,34.03387275,-825.704345703125,476.9640197753906,773.0610961914062
247,75.34127119444443,81.87641312,34.03387275,-832.102294921875,675.0054321289062,1114.723388671875
248,74.08988230555555,81.87641312,34.03387275,-840.859375,872.71044921875,1443.4652099609375
249,72.83849341666665,81.87641312,34.03387275,-853.0509643554688,1069.8565673828125,1778.5411376953125
250,71.58710452777777,81.87641312,34.03387275,-859.0642700195312,1259.82421875,2088.470947265625
251,70.33571563888887,81.87641312,34.03387275,-864.2410888671875,1442.705810546875,2355.2470703125
252,69.08432674999999,81.87641312,34.03387275,-872.3917236328125,1607.4661865234375,2582.379638671875
253,80.34682674999999,81.87641312,34.03387275,-803.9166259765625,-112.10790252685547,72.24888610839844
254,80.34682674999999,81.87641312,34.03387275,-802.2659301757812,-111.397216796875,67.11255645751953
255,79.0978681636946,81.87641312,33.95592019437415,-819.3595581054688,81.04129791259766,143.35964965820312
256,77.84890957738921,81.87641312,33.8779676387483,-844.0106201171875,276.8132019042969,448.52850341796875
257,76.59995099108382,81.87641312,33.80001508312245,-866.2223510742188,478.8076477050781,809.633544921875
258,75.35099240477842,81.87641312,33.722062527496604,-890.7595825195312,680.8565063476562,1150.0135498046875
259,74.10203381847302,81.87641312,33.644109971870755,-911.8095092773438,875.1134643554688,1490.8531494140625
260,72.85307523216763,81.87641312,33.566157416244906,-936.48876953125,1078.7625732421875,1837.9508056640625
261,71.60411664586223,81.87641312,33.48820486061906,-956.7119140625,1269.8272705078125,2159.838623046875
262,70.35515805955684,81.87641312,33.41025230499321,-977.4640502929688,1452.5042724609375,2441.303955078125
263,69.10619947325145,81.87641312,33.33229974936736,-998.1276245117188,1626.2940673828125,2688.671875
264,80.34682674999999,81.87641312,34.03387275,-800.187255859375,-111.14044952392578,59.30028533935547
265,80.34682674999999,81.87641312,34.03387275,-802.2135620117188,-111.04781341552734,52.535152435302734
266,79.1051496317406,81.87641312,33.87827041960085,-835.0872192382812,80.60266876220703,149.0573272705078
267,77.86347251348123,81.87641312,33.72266808920171,-867.9159545898438,275.3937683105469,453.6011962890625
268,76.62179539522184,81.87641312,33.56706575880256,-905.1378784179688,474.07659912109375,812.8688354492188
269,75.38011827696246,81.87641312,33.41146342840342,-943.5230712890625,678.30712890625,1187.2001953125
270,74.13844115870307,81.87641312,33.255861098004274,-982.8595581054688,875.6746215820312,1566.1903076171875
271,72.8967640404437,81.87641312,33.10025876760513,-1021.94189453125,1081.5576171875,1918.673828125
272,71.65508692218431,81.87641312,32.944656437205985,-1055.180419921875,1272.943115234375,2243.90673828125
273,70.41340980392494,81.87641312,32.789054106806844,-1094.298828125,1456.84912109375,2551.029541015625
274,69.17173268566555,81.87641312,32.633451776407696,-1124.8839111328125,1636.6064453125,2800.67822265625
275,80.34682674999999,81.87641312,34.03387275,-802.6701049804688,-105.19281768798828,62.568275451660156
276,80.34682674999999,81.87641312,34.03387275,-801.9903564453125,-107.97891235351562,52.83509826660156
277,79.11725398280112,81.87641312,33.80122503048085,-847.6287231445312,82.76685333251953,157.01693725585938
278,77.88768121560223,81.87641312,33.56857731096171,-899.3391723632812,276.0370788574219,475.0596008300781
279,76.65810844840335,81.87641312,33.33592959144256,-948.7701416015625,475.0254211425781,862.2841186523438
280,75.42853568120448,81.87641312,33.10328187192341,-998.2645874023438,675.6785278320312,1240.960205078125
281,74.19896291400559,81.87641312,32.870634152404264,-1051.4957275390625,876.3731079101562,1626.632080078125
282,72.96939014680672,81.87641312,32.637986432885114,-1107.7249755859375,1074.877197265625,2000.1864013671875
283,71.73981737960784,81.87641312,32.405338713365964,-1159.413330078125,1270.339111328125,2342.778076171875
284,70.51024461240895,81.87641312,32.17269099384682,-1209.0137939453125,1460.5699462890625,2640.8359375
285,69.28067184521008,81.87641312,31.94004327432767,-1250.9215087890625,1638.4766845703125,2899.62890625
286,80.34682674999999,81.87641312,34.03387275,-802.373046875,-104.06619262695312,58.7313117980957
287,80.34682674999999,81.87641312,34.03387275,-804.55908203125,-109.59422302246094,47.21615982055664
288,79.13413420153833,81.87641312,33.72508328427923,-861.4788208007812,81.38030242919922,165.88397216796875
289,77.92144165307666,81.87641312,33.41629381855846,-925.5857543945312,270.8901062011719,509.9853515625
290,76.708749104615,81.87641312,33.10750435283769,-991.0003662109375,462.39825439453125,889.5394287109375
291,75.49605655615333,81.87641312,32.798714887116915,-1055.8172607421875,665.0497436523438,1281.7161865234375
292,74.28336400769166,81.87641312,32.48992542139615,-1126.5072021484375,867.8501586914062,1685.420654296875
293,73.07067145923,81.87641312,32.18113595567538,-1197.0185546875,1066.9580078125,2079.530029296875
294,71.85797891076834,81.87641312,31.87234648995461,-1259.8563232421875,1262.9559326171875,2421.3935546875
295,70.64528636230666,81.87641312,31.563557024233837,-1325.4805908203125,1453.2208251953125,2741.1552734375
296,69.432593813845,81.87641312,31.254767558513066,-1381.6129150390625,1632.2593994140625,2998.4150390625
297,80.34682674999999,81.87641312,34.03387275,-805.5036010742188,-110.88115692138672,43.909481048583984
298,80.34682674999999,81.87641312,34.03387275,-805.725341796875,-110.11329650878906,32.51848602294922
299,79.1557247223402,81.87641312,33.65014092835981,-876.0888061523438,74.14530181884766,164.01666259765625
300,77.9646226946804,81.87641312,33.26640910671963,-951.0317993164062,265.5822448730469,539.2141723632812
301,76.7735206670206,81.87641312,32.88267728507944,-1029.8292236328125,456.6282958984375,929.59521484375
302,75.58241863936081,81.87641312,32.498945463439256,-1115.144775390625,656.9441528320312,1334.891357421875
303,74.39131661170103,81.87641312,32.115213641799066,-1194.864501953125,848.0479736328125,1724.7796630859375
304,73.20021458404123,81.87641312,31.73148182015888,-1282.1456298828125,1056.1002197265625,2139.552001953125
305,72.00911255638144,81.87641312,31.347749998518694,-1363.3748779296875,1248.39208984375,2489.111572265625
306,70.81801052872164,81.87641312,30.964018176878508,-1442.76953125,1441.2841796875,2828.8046875
307,69.62690850106185,81.87641312,30.58028635523832,-1512.2760009765625,1619.774658203125,3111.596923828125
308,80.34682674999999,81.87641312,34.03387275,-804.5317993164062,-104.78483581542969,47.07621765136719
309,80.34682674999999,81.87641312,34.03387275,-804.5133666992188,-105.1343002319336,48.84397888183594
310,79.18194168398828,81.87641312,33.57668905145261,-889.5323486328125,71.92276000976562,177.43341064453125
311,78.01705661797658,81.87641312,33.119505352905215,-977.6436767578125,255.98207092285156,563.514404296875
312,76.85217155196487,81.87641312,32.662321654357825,-1072.2244873046875,445.60589599609375,974.177734375
313,75.68728648595317,81.87641312,32.20513795581043,-1166.5084228515625,638.7926635742188,1368.916015625
314,74.52240141994147,81.87641312,31.74795425726304,-1267.6304931640625,837.8397216796875,1782.118408203125
315,73.35751635392977,81.87641312,31.290770558715646,-1364.7333984375,1036.0218505859375,2206.916015625
316,72.19263128791806,81.87641312,30.833586860168253,-1466.055908203125,1231.6251220703125,2597.405517578125
317,71.02774622190636,81.87641312,30.376403161620864,-1560.7139892578125,1416.7259521484375,2928.168212890625
318,69.86286115589465,81.87641312,29.91921946307347,-1647.6436767578125,1596.590087890625,3230.237548828125
319,80.34682674999999,81.87641312,34.03387275,-808.2958984375,-108.02042388916016,40.80756378173828
320,80.34682674999999,81.87641312,34.03387275,-805.0261840820312,-109.5679931640625,31.53195571899414
321,79.21268325538885,81.87641312,33.505012953016156,-895.9773559570312,66.68147277832031,177.9288330078125
322,78.07853976077772,81.87641312,32.976153156032304,-1000.7457885742188,244.6046905517578,572.2772216796875
323,76.94439626616656,81.87641312,32.44729335904846,-1108.6324462890625,431.8363952636719,1008.4312133789062
324,75.81025277155543,81.87641312,31.918433562064607,-1224.189453125,621.925537109375,1430.5399169921875
325,74.67610927694429,81.87641312,31.389573765080762,-1339.6737060546875,817.5401000976562,1855.17529296875
326,73.54196578233315,81.87641312,30.860713968096913,-1454.412109375,1009.0829467773438,2276.973388671875
327,72.407822287722,81.87641312,30.331854171113065,-1568.111083984375,1203.4232177734375,2665.605712890625
328,71.27367879311086,81.87641312,29.802994374129216,-1675.2733154296875,1391.4398193359375,3020.385009765625
329,70.13953529849972,81.87641312,29.274134577145368,-1778.541748046875,1566.696533203125,3321.199462890625
330,79.47682675,74.62641312,34.03387275,-777.3819580078125,-172.19192504882812,-182.5189208984375
331,79.47682675,74.62641312,34.03387275,-776.1595458984375,-171.05703735351562,-183.86740112304688
332,77.72211417343182,74.62641312,34.852108662314635,-696.7084350585938,2.0477044582366943,-86.5755615234375
333,75.96740159686364,74.62641312,35.67034457462927,-629.0394897460938,163.594970703125,41.3701057434082
334,74.21268902029546,74.62641312,36.488580486943896,-553.375732421875,323.22125244140625,237.98345947265625
335,72.45797644372728,74.62641312,37.30681639925853,-487.2498779296875,483.8243713378906,463.3378601074219
336,70.7032638671591,74.62641312,38.125052311573164,-413.6286315917969,627.3234252929688,662.564453125
337,68.94855129059091,74.62641312,38.9432882238878,-340.7928161621094,770.975830078125,844.6593627929688
338,67.19383871402273,74.62641312,39.761524136202425,-275.2301025390625,902.4157104492188,1048.981689453125
339,65.43912613745456,74.62641312,40.57976004851706,-210.99037170410156,1020.7705078125,1212.6048583984375
340,63.68441356088638,74.62641312,41.39799596083169,-151.08253479003906,1126.206787109375,1358.5848388671875
341,79.47682675,74.62641312,34.03387275,-782.6926879882812,-172.5215301513672,-118.99705505371094
342,79.47682675,74.62641312,34.03387275,-782.1154174804688,-173.0833740234375,-121.03238677978516
343,77.67455174220831,74.62641312,34.741213566620495,-714.6189575195312,2.219670057296753,-65.35018920898438
344,75.87227673441662,74.62641312,35.44855438324099,-648.0465698242188,175.8997344970703,71.24860382080078
345,74.07000172662491,74.62641312,36.15589519986148,-581.7593994140625,340.6155090332031,297.6783142089844
346,72.26772671883322,74.62641312,36.86323601648198,-512.5872192382812,505.8943786621094,522.61181640625
347,70.46545171104152,74.62641312,37.570576833102464,-451.3230285644531,663.2333984375,741.1919555664062
348,68.66317670324983,74.62641312,38.27791764972296,-387.2903747558594,805.9540405273438,948.8294677734375
349,66.86090169545813,74.62641312,38.98525846634345,-332.47650146484375,942.3821411132812,1114.7275390625
350,65.05862668766643,74.62641312,39.69259928296395,-276.12188720703125,1068.4259033203125,1308.9486083984375
351,63.25635167987474,74.62641312,40.39994009958444,-226.80239868164062,1176.144287109375,1474.0687255859375
352,79.47682675,74.62641312,34.03387275,-780.6157836914062,-170.10577392578125,-104.33567810058594
353,79.47682675,74.62641312,34.03387275,-780.7183227539062,-172.99391174316406,-112.4518051147461
354,77.63398965060183,74.62641312,34.62757104008482,-722.2426147460938,12.83752727508545,-57.888221740722656
355,75.79115255120365,74.62641312,35.22126933016963,-671.7607421875,179.80108642578125,102.68705749511719
356,73.94831545180548,74.62641312,35.81496762025445,-615.314453125,357.4869079589844,333.1388244628906
357,72.10547835240732,74.62641312,36.408665910339266,-560.2467041015625,525.3396606445312,570.4566650390625
358,70.26264125300915,74.62641312,37.00236420042408,-505.6686706542969,688.032958984375,802.2685546875
359,68.41980415361097,74.62641312,37.5960624905089,-455.7416687011719,836.0350952148438,1024.662353515625
360,66.5769670542128,74.62641312,38.189760780593716,-408.3853759765625,978.8790283203125,1217.1513671875
361,64.73412995481463,74.62641312,38.78345907067853,-362.43212890625,1109.243408203125,1437.3756103515625
362,62.89129285541646,74.62641312,39.37715736076335,-321.05316162109375,1222.995849609375,1577.703857421875
363,79.47682675,74.62641312,34.03387275,-783.93115234375,-171.47434997558594,-99.78827667236328
364,79.47682675,74.62641312,34.03387275,-780.331298828125,-173.93759155273438,-108.08235931396484
365,77.60058544860648,74.62641312,34.51162248941704,-739.3358154296875,13.258960723876953,-48.28923797607422
366,75.72434414721296,74.62641312,34.989372228834085,-695.5974731445312,193.59547424316406,136.53756713867188
367,73.84810284581944,74.62641312,35.46712196825112,-653.326171875,371.9026794433594,369.083984375
368,71.97186154442592,74.62641312,35.94487170766816,-606.3291015625,540.4457397460938,628.3966674804688
369,70.0956202430324,74.62641312,36.422621447085206,-568.6984252929688,708.233154296875,849.8740844726562
370,68.21937894163888,74.62641312,36.90037118650225,-525.2545166015625,860.246337890625,1091.5465087890625
371,66.34313764024536,74.62641312,37.37812092591928,-488.5113220214844,1007.703125,1310.40283203125
372,64.46689633885184,74.62641312,37.855870665336326,-452.1907043457031,1142.273681640625,1512.410400390625
373,62.59065503745832,74.62641312,38.33362040475337,-422.3842468261719,1254.5732421875,1651.374755859375
374,79.47682675,74.62641312,34.03387275,-781.2382202148438,-169.37493896484375,-108.314208984375
375,79.47682675,74.62641312,34.03387275,-780.5846557617188,-173.9116668701172,-111.3480224609375
376,77.57446888376778,74.62641312,34.393818278312644,-752.7752685546875,9.890579223632812,-49.03512954711914
377,75.67211101753554,74.62641312,34.75376380662529,-719.8673706054688,195.93722534179688,155.80801391601562
378,73.76975315130332,74.62641312,35.11370933493793,-691.209716796875,374.4024658203125,399.7760925292969
379,71.8673952850711,74.62641312,35.47365486325057,-657.4888916015625,555.40673828125,682.176025390625
380,69.96503741883886,74.62641312,35.833600391563216,-628.013916015625,722.1470947265625,921.9181518554688
381,68.06267955260664,74.62641312,36.19354591987586,-597.5657348632812,885.3599243164062,1172.8642578125
382,66.16032168637442,74.62641312,36.5534914481885,-572.2579345703125,1035.199462890625,1391.0391845703125
383,64.25796382014218,74.62641312,36.913436976501146,-545.9489135742188,1172.8585205078125,1599.6024169921875
384,62.35560595390996,74.62641312,37.27338250481379,-519.4722900390625,1296.619873046875,1755.942626953125
385,79.47682675,74.62641312,34.03387275,-781.9557495117188,-166.0606231689453,-96.14019775390625
386,79.47682675,74.62641312,34.03387275,-779.6932373046875,-173.21047973632812,-112.43489837646484
387,77.55574139722134,74.62641312,34.27461597816472,-765.572265625,16.383087158203125,-10.229411125183105
388,75.63465604444266,74.62641312,34.51535920632943,-743.858642578125,200.62608337402344,172.89947509765625
389,73.713570691664,74.62641312,34.756102434494146,-726.9039306640625,386.9009704589844,447.40924072265625
390,71.79248533888534,74.62641312,34.99684566265886,-709.3077392578125,562.6380615234375,723.095703125
391,69.87139998610667,74.62641312,35.237588890823574,-692.7266845703125,740.8401489257812,990.9441528320312
392,67.950314633328,74.62641312,35.47833211898829,-672.3417358398438,906.3277587890625,1258.6190185546875
393,66.02922928054934,74.62641312,35.71907534715301,-656.110595703125,1060.411376953125,1493.2548828125
394,64.10814392777067,74.62641312,35.95981857531772,-637.7996826171875,1200.7335205078125,1695.235595703125
395,62.18705857499201,74.62641312,36.20056180348244,-624.6486206054688,1324.0235595703125,1865.2625732421875
396,79.47682675,74.62641312,34.03387275,-783.0900268554688,-170.65618896484375,-114.15726470947266
397,79.47682675,74.62641312,34.03387275,-780.50048828125,-171.09242248535156,-114.61894989013672
398,77.54447572967845,74.62641312,34.15447859077962,-777.1969604492188,9.356667518615723,-10.872540473937988
399,75.61212470935689,74.62641312,34.275084431559236,-772.9427490234375,200.245849609375,196.3123321533203
400,73.67977368903534,74.62641312,34.39569027233885,-767.2607421875,390.6571350097656,477.137451171875
401,71.7474226687138,74.62641312,34.516296113118464,-763.7312622070312,574.013427734375,769.545166015625
402,69.81507164839223,74.62641312,34.63690195389808,-758.6443481445312,752.0171508789062,1050.901611328125
403,67.88272062807069,74.62641312,34.7575077946777,-752.6110229492188,921.4965209960938,1331.291015625
404,65.95036960774914,74.62641312,34.87811363545731,-745.9860229492188,1080.9061279296875,1574.82861328125
405,64.01801858742758,74.62641312,34.99871947623693,-737.2097778320312,1221.2442626953125,1781.072021484375
406,62.08566756710603,74.62641312,35.119325317016546,-730.6439208984375,1352.44677734375,1962.17431640625
407,79.47682675,74.62641312,34.03387275,-783.4282836914062,-169.5889434814453,-97.28239440917969
408,79.47682675,74.62641312,34.03387275,-783.7825927734375,-173.63661193847656,-102.59300994873047
409,77.54071563888888,74.62641312,34.03387275,-792.66259765625,16.036304473876953,3.980862617492676
410,75.60460452777778,74.62641312,34.03387275,-798.9369506835938,202.1179656982422,230.99114990234375
411,73.66849341666666,74.62641312,34.03387275,-807.4963989257812,393.0288391113281,517.6112060546875
412,71.73238230555556,74.62641312,34.03387275,-814.0017700195312,578.2139892578125,821.0498046875
413,69.79627119444444,74.62641312,34.03387275,-823.12744140625,758.7636108398438,1127.4951171875
414,67.86016008333334,74.62641312,34.03387275,-828.417724609375,929.1267700195312,1413.698486328125
415,65.92404897222222,74.62641312,34.03387275,-835.0488891601562,1090.828125,1666.3319091796875
416,63.987937861111114,74.62641312,34.03387275,-838.4318237304688,1238.65283203125,1887.1912841796875
417,62.051826750000004,74.62641312,34.03387275,-842.1171264648438,1368.0621337890625,2059.331787109375
418,79.47682675,74.62641312,34.03387275,-783.808349609375,-171.98500061035156,-114.99932098388672
419,79.47682675,74.62641312,34.03387275,-782.1052856445312,-173.81576538085938,-112.56221771240234
420,77.54447572967845,74.62641312,33.91326690922038,-802.6986694335938,18.88433837890625,18.187320709228516
421,75.61212470935689,74.62641312,33.792661068440765,-826.4793701171875,203.9354705810547,262.94622802734375
422,73.67977368903534,74.62641312,33.672055227661154,-848.7744140625,391.8586120605469,561.1763305664062
423,71.7474226687138,74.62641312,33.551449386881536,-863.5259399414062,582.0565185546875,869.8276977539062
424,69.81507164839223,74.62641312,33.43084354610192,-888.2613525390625,763.1117553710938,1180.7542724609375
425,67.88272062807069,74.62641312,33.3102377053223,-909.11865234375,936.4775390625,1466.3961181640625
426,65.95036960774914,74.62641312,33.18963186454269,-925.9175415039062,1097.7296142578125,1740.08984375
427,64.01801858742758,74.62641312,33.06902602376307,-941.085205078125,1245.4119873046875,1958.282470703125
428,62.08566756710603,74.62641312,32.948420182983455,-953.6873779296875,1378.5767822265625,2148.50927734375
429,79.47682675,74.62641312,34.03387275,-780.8031616210938,-170.67262268066406,-98.68067169189453
430,79.47682675,74.62641312,34.03387275,-785.587646484375,-171.7145538330078,-108.73162841796875
431,77.55574139722134,74.62641312,33.79312952183528,-815.9230346679688,14.536154747009277,23.62881088256836
432,75.63465604444266,74.62641312,33.55238629367057,-853.1737060546875,206.161865234375,289.0982971191406
433,73.713570691664,74.62641312,33.311643065505855,-887.8656616210938,392.6171875,608.3685302734375
434,71.79248533888534,74.62641312,33.07089983734114,-924.8898315429688,582.1602172851562,925.82373046875
435,69.87139998610667,74.62641312,32.83015660917642,-956.0594482421875,761.57275390625,1243.119140625
436,67.950314633328,74.62641312,32.58941338101171,-992.3290405273438,939.4576416015625,1554.586669921875
437,66.02922928054933,74.62641312,32.34867015284699,-1019.8455200195312,1101.154541015625,1832.2874755859375
438,64.10814392777067,74.62641312,32.107926924682275,-1041.5408935546875,1257.860107421875,2060.219482421875
439,62.187058574992,74.62641312,31.86718369651756,-1068.07373046875,1389.0220947265625,2257.46826171875
440,79.47682675,74.62641312,34.03387275,-781.4773559570312,-170.68466186523438,-116.52680969238281
441,79.47682675,74.62641312,34.03387275,-784.7534790039062,-168.9046173095703,-127.14398956298828
442,77.57446888376778,74.62641312,33.67392722168736,-830.8372802734375,13.350906372070312,33.018951416015625
443,75.67211101753554,74.62641312,33.313981693374714,-877.7728271484375,199.96107482910156,311.3899841308594
444,73.76975315130332,74.62641312,32.95403616506207,-926.740234375,390.0259094238281,641.8544921875
445,71.8673952850711,74.62641312,32.59409063674943,-977.0127563476562,578.5471801757812,975.447998046875
446,69.96503741883886,74.62641312,32.234145108436785,-1024.9620361328125,760.4517822265625,1310.6866455078125
447,68.06267955260664,74.62641312,31.874199580124138,-1072.90478515625,936.593017578125,1627.752685546875
448,66.16032168637442,74.62641312,31.514254051811495,-1111.552978515625,1102.7982177734375,1903.023681640625
449,64.25796382014218,74.62641312,31.15430852349885,-1150.0120849609375,1253.8201904296875,2162.994873046875
450,62.35560595390996,74.62641312,30.79436299518621,-1184.2000732421875,1389.677001953125,2364.795654296875
451,79.47682675,74.62641312,34.03387275,-781.2099609375,-169.48793029785156,-121.95272064208984
452,79.47682675,74.62641312,34.03387275,-783.4775390625,-170.28240966796875,-124.2667465209961
453,77.60058544860648,74.62641312,33.55612301058296,-843.8193969726562,12.203794479370117,39.57781219482422
454,75.72434414721296,74.62641312,33.078373271165916,-904.616943359375,194.82891845703125,331.3755798339844
455,73.84810284581944,74.62641312,32.60062353174888,-967.6796875,382.196533203125,676.319580078125
456,71.97186154442592,74.62641312,32.12287379233184,-1031.18701171875,570.2887573242188,1017.804443359375
457,70.0956202430324,74.62641312,31.645124052914795,-1092.468994140625,753.97314453125,1377.4569091796875
458,68.21937894163888,74.62641312,31.167374313497756,-1152.1102294921875,928.0470581054688,1703.4417724609375
459,66.34313764024536,74.62641312,30.689624574080714,-1205.4010009765625,1092.8231201171875,1993.00732421875
460,64.46689633885184,74.62641312,30.211874834663675,-1257.5887451171875,1245.6876220703125,2246.54443359375
461,62.59065503745832,74.62641312,29.734125095246632,-1298.3919677734375,1382.7186279296875,2457.6357421875
462,79.47682675,74.62641312,34.03387275,-781.726318359375,-171.03187561035156,-112.31423950195312
463,79.47682675,74.62641312,34.03387275,-784.6069946289062,-173.0334014892578,-116.25222778320312
464,77.63398965060183,74.62641312,33.440174459915184,-856.4865112304688,8.029239654541016,46.05793762207031
465,75.79115255120365,74.62641312,32.84647616983037,-930.33984375,186.7244873046875,356.1986083984375
466,73.94831545180548,74.62641312,32.25277787974555,-1005.3627319335938,376.7928161621094,714.3389282226562
467,72.10547835240732,74.62641312,31.659079589660735,-1085.676513671875,558.562744140625,1067.7530517578125
468,70.26264125300914,74.62641312,31.065381299575915,-1161.6453857421875,739.8167114257812,1440.01708984375
469,68.41980415361097,74.62641312,30.471683009491098,-1234.68017578125,916.5421142578125,1780.2550048828125
470,66.5769670542128,74.62641312,29.87798471940628,-1302.76611328125,1085.8603515625,2082.468505859375
471,64.73412995481462,74.62641312,29.284286429321465,-1364.44775390625,1235.8863525390625,2342.282958984375
472,62.89129285541645,74.62641312,28.69058813923665,-1419.4595947265625,1374.3934326171875,2558.8525390625
473,79.47682675,74.62641312,34.03387275,-783.1119384765625,-167.28256225585938,-109.17548370361328
474,79.47682675,74.62641312,34.03387275,-782.3790893554688,-172.36041259765625,-111.07359313964844
475,77.67455174220831,74.62641312,33.326531933379506,-867.7152709960938,3.67562198638916,61.18739318847656
476,75.87227673441662,74.62641312,32.61919111675901,-955.0806274414062,180.3607635498047,375.2806091308594
477,74.07000172662491,74.62641312,31.911850300138518,-1050.1107177734375,366.2025451660156,756.5309448242188
478,72.26772671883322,74.62641312,31.204509483518024,-1140.367431640625,548.5701904296875,1124.8935546875
479,70.46545171104152,74.62641312,30.49716866689753,-1229.7384033203125,727.330078125,1506.455810546875
480,68.66317670324983,74.62641312,29.78982785027704,-1319.7847900390625,901.7461547851562,1855.1058349609375
481,66.86090169545813,74.62641312,29.082487033656545,-1403.07568359375,1065.4786376953125,2159.494873046875
482,65.05862668766643,74.62641312,28.37514621703605,-1477.1966552734375,1221.2503662109375,2432.597900390625
483,63.25635167987474,74.62641312,27.667805400415556,-1545.2996826171875,1356.41064453125,2659.531494140625
484,79.47682675,74.62641312,34.03387275,-785.2771606445312,-167.06918334960938,-108.30337524414062
485,79.47682675,74.62641312,34.03387275,-789.0394897460938,-168.32249450683594,-113.5716552734375
486,77.72211417343182,74.62641312,33.215636837685366,-882.5361328125,-0.6607547402381897,61.06745529174805
487,75.96740159686364,74.62641312,32.39740092537073,-983.529541015625,172.41651916503906,388.0378723144531
488,74.21268902029546,74.62641312,31.5791650130561,-1087.5653076171875,351.0315246582031,770.5953369140625
489,72.45797644372728,74.62641312,30.76092910074147,-1194.9710693359375,532.0491333007812,1155.188720703125
490,70.7032638671591,74.62641312,29.942693188426837,-1300.187744140625,708.9214477539062,1548.7532958984375
491,68.94855129059091,74.62641312,29.124457276112206,-1396.931396484375,878.2371826171875,1899.2696533203125
492,67.19383871402273,74.62641312,28.306221363797572,-1495.3179931640625,1041.4625244140625,2227.84619140625
493,65.43912613745456,74.62641312,27.487985451482942,-1579.9031982421875,1189.5810546875,2500.534423828125
494,63.68441356088638,74.62641312,26.669749539168308,-1655.8101806640625,1327.1339111328125,2735.002685546875
495,78.60682675,67.37641312,34.03387275,-762.0408935546875,-210.76751708984375,-279.6402893066406
496,78.60682675,67.37641312,34.03387275,-761.49609375,-207.84605407714844,-270.1263122558594
497,76.23154509147477,67.37641312,35.14148477764542,-688.75439453125,-50.43242645263672,-191.60267639160156
498,73.85626343294956,67.37641312,36.24909680529083,-621.7105102539062,105.08177185058594,-70.64579772949219
499,71.48098177442434,67.37641312,37.35670883293625,-544.2677612304688,254.46788024902344,100.48678588867188
500,69.10570011589911,67.37641312,38.464320860581665,-474.7262878417969,399.94342041015625,269.7033996582031
501,66.7304184573739,67.37641312,39.57193288822709,-420.243896484375,527.4381713867188,444.857421875
502,64.35513679884868,67.37641312,40.679544915872505,-356.8586730957031,646.45068359375,606.812744140625
503,61.97985514032345,67.37641312,41.78715694351792,-299.3274230957031,755.2608032226562,757.9376220703125
504,59.60457348179824,67.37641312,42.89476897116334,-247.5764923095703,847.939453125,893.0564575195312
505,57.229291823273016,67.37641312,44.00238099880875,-198.0654754638672,927.9927978515625,1013.7840576171875
506,78.60682675,67.37641312,34.03387275,-761.175048828125,-211.84617614746094,-210.90310668945312
507,78.60682675,67.37641312,34.03387275,-756.9647216796875,-210.5110321044922,-242.5692901611328
508,76.16716180042832,67.37641312,34.99137068469359,-696.0985107421875,-43.45745086669922,-176.69757080078125
509,73.72749685085662,67.37641312,35.94886861938719,-635.9275512695312,112.06635284423828,-51.45737075805664
510,71.28783190128495,67.37641312,36.90636655408078,-574.7783813476562,267.9906005859375,132.3191680908203
511,68.84816695171325,67.37641312,37.86386448877438,-515.487548828125,414.9943542480469,322.1411437988281
512,66.40850200214157,67.37641312,38.821362423467974,-456.4278564453125,551.3513793945312,519.8810424804688
513,63.96883705256989,67.37641312,39.77886035816157,-401.87664794921875,679.7561645507812,685.850341796875
514,61.5291721029982,67.37641312,40.736358292855165,-353.100341796875,789.2633056640625,847.6358032226562
515,59.08950715342652,67.37641312,41.693856227548764,-308.3116760253906,886.1133422851562,991.501708984375
516,56.64984220385483,67.37641312,42.651354162242356,-268.4788818359375,972.8817749023438,1098.0684814453125
517,78.60682675,67.37641312,34.03387275,-758.6150512695312,-210.05055236816406,-214.97991943359375
518,78.60682675,67.37641312,34.03387275,-757.1920776367188,-211.1933135986328,-217.15115356445312
519,76.11225457886344,67.37641312,34.83753750852945,-704.8126831054688,-41.68366622924805,-162.37924194335938
520,73.6176824077269,67.37641312,35.641202267058894,-660.945556640625,119.55677032470703,-9.348005294799805
521,71.12311023659035,67.37641312,36.444867025588344,-608.61767578125,277.625,168.73846435546875
522,68.6285380654538,67.37641312,37.24853178411779,-555.6090698242188,432.1530456542969,366.95086669921875
523,66.13396589431726,67.37641312,38.05219654264724,-508.72735595703125,575.588623046875,580.2374267578125
524,63.6393937231807,67.37641312,38.85586130117668,-463.9825134277344,707.2520141601562,757.6920776367188
525,61.14482155204415,67.37641312,39.65952605970613,-422.0136413574219,818.7879638671875,928.7357177734375
526,58.65024938090761,67.37641312,40.463190818235574,-382.10028076171875,927.12255859375,1071.2581787109375
527,56.155677209771056,67.37641312,41.266855576765025,-351.0234375,1013.3306274414062,1194.087890625
528,78.60682675,67.37641312,34.03387275,-755.8607177734375,-209.52679443359375,-204.6602020263672
529,78.60682675,67.37641312,34.03387275,-760.982666015625,-208.31187438964844,-210.56271362304688
530,76.06703669567462,67.37641312,34.680582763113314,-718.059326171875,-36.26814651489258,-155.7132110595703
531,73.52724664134925,67.37641312,35.32729277622662,-683.6029052734375,128.0326690673828,18.06916618347168
532,70.98745658702387,67.37641312,35.974002789339934,-645.7667846679688,291.7516174316406,219.59014892578125
533,68.44766653269849,67.37641312,36.62071280245325,-599.6594848632812,449.5364685058594,412.18603515625
534,65.90787647837313,67.37641312,37.267422815566555,-565.6159057617188,594.8563842773438,630.8148803710938
535,63.368086424047746,67.37641312,37.91413282867987,-529.6680297851562,729.4628295898438,832.9849243164062
536,60.828296369722366,67.37641312,38.56084284179318,-494.472900390625,848.0555419921875,1002.071044921875
537,58.288506315397,67.37641312,39.20755285490649,-462.8598327636719,957.0108642578125,1161.097412109375
538,55.74871626107162,67.37641312,39.8542628680198,-440.84722900390625,1045.6856689453125,1277.3509521484375
539,78.60682675,67.37641312,34.03387275,-760.0404663085938,-209.97616577148438,-214.223876953125
540,78.60682675,67.37641312,34.03387275,-759.9746704101562,-207.23074340820312,-213.3799591064453
541,76.03168378473443,67.37641312,34.52111608710614,-726.9276733398438,-33.04102325439453,-138.8810272216797
542,73.45654081946884,67.37641312,35.00835942421228,-704.8846435546875,134.65003967285156,39.915504455566406
543,70.88139785420327,67.37641312,35.495602761318416,-675.5611572265625,301.7704162597656,238.5782470703125
544,68.3062548889377,67.37641312,35.98284609842456,-647.5450439453125,461.15478515625,464.93267822265625
545,65.73111192367212,67.37641312,36.470089435530696,-616.8158569335938,611.8557739257812,697.1032104492188
546,63.15596895840655,67.37641312,36.95733277263684,-596.6278686523438,749.003173828125,899.8153076171875
547,60.58082599314096,67.37641312,37.444576109742975,-567.7127685546875,872.6929321289062,1084.587890625
548,58.00568302787539,67.37641312,37.93181944684912,-546.2460327148438,983.4688110351562,1235.2484130859375
549,55.430540062609815,67.37641312,38.419062783955255,-528.7041625976562,1082.6376953125,1367.5784912109375
550,78.60682675,67.37641312,34.03387275,-756.4000244140625,-208.3345947265625,-225.21148681640625
551,78.60682675,67.37641312,34.03387275,-757.8084106445312,-213.8212127685547,-227.49586486816406
552,76.00633316270205,67.37641312,34.35975687593029,-742.850830078125,-36.62197494506836,-127.73065948486328
553,73.4058395754041,67.37641312,34.685641001860574,-729.3907470703125,135.6988067626953,73.19831848144531
554,70.80534598810614,67.37641312,35.011525127790854,-710.107421875,307.947998046875,265.2575988769531
555,68.20485240080819,67.37641312,35.33740925372114,-693.5926513671875,470.379638671875,511.1999816894531
556,65.60435881351025,67.37641312,35.66329337965143,-677.6908569335938,623.7853393554688,750.7906494140625
557,63.0038652262123,67.37641312,35.989177505581715,-659.9541625976562,766.2801513671875,961.9384765625
558,60.403371638914344,67.37641312,36.315061631511995,-644.653564453125,892.7792358398438,1158.298583984375
559,57.80287805161639,67.37641312,36.64094575744228,-629.3712158203125,1002.35205078125,1305.7088623046875
560,55.20238446431844,67.37641312,36.96682988337257,-618.326904296875,1102.0716552734375,1453.488525390625
561,78.60682675,67.37641312,34.03387275,-759.5653686523438,-206.64181518554688,-220.12026977539062
562,78.60682675,67.37641312,34.03387275,-760.3170776367188,-206.7825927734375,-221.9259033203125
563,75.99108329566229,67.37641312,34.19713187593338,-756.522705078125,-33.67743682861328,-122.45504760742188
564,73.37533984132457,67.37641312,34.360391001866766,-757.3453369140625,139.37655639648438,88.98405456542969
565,70.75959638698687,67.37641312,34.523650127800146,-749.2755126953125,313.7109069824219,320.4488525390625
566,68.14385293264915,67.37641312,34.68690925373353,-744.1760864257812,479.69146728515625,576.2406616210938
567,65.52810947831145,67.37641312,34.85016837966691,-736.3369140625,636.552490234375,830.24609375
568,62.91236602397374,67.37641312,35.0134275056003,-728.7778930664062,776.4298706054688,1032.931640625
569,60.29662256963603,67.37641312,35.17668663153368,-725.6443481445312,910.4482421875,1232.295654296875
570,57.68087911529832,67.37641312,35.33994575746706,-717.0167236328125,1024.3394775390625,1396.9422607421875
571,55.06513566096061,67.37641312,35.50320488340044,-713.65771484375,1124.1007080078125,1525.3323974609375
572,78.60682675,67.37641312,34.03387275,-762.317626953125,-209.23321533203125,-217.9860382080078
573,78.60682675,67.37641312,34.03387275,-762.3889770507812,-208.0838623046875,-225.19015502929688
574,75.98599341666666,67.37641312,34.03387275,-765.7644653320312,-32.30222702026367,-109.32521057128906
575,73.36516008333334,67.37641312,34.03387275,-772.7710571289062,148.0269012451172,113.65760040283203
576,70.74432675,67.37641312,34.03387275,-785.0399780273438,311.9855651855469,353.1890563964844
577,68.12349341666666,67.37641312,34.03387275,-795.6083984375,482.3453674316406,627.7911376953125
578,65.50266008333332,67.37641312,34.03387275,-798.727294921875,637.3305053710938,883.1102905273438
579,62.88182675,67.37641312,34.03387275,-801.5275268554688,787.0254516601562,1102.773681640625
580,60.260993416666665,67.37641312,34.03387275,-805.3353271484375,918.6871337890625,1309.6982421875
581,57.64016008333333,67.37641312,34.03387275,-806.19873046875,1036.6944580078125,1478.048828125
582,55.01932675,67.37641312,34.03387275,-806.381591796875,1139.1756591796875,1617.6697998046875
583,78.60682675,67.37641312,34.03387275,-758.737060546875,-206.9432373046875,-218.58905029296875
584,78.60682675,67.37641312,34.03387275,-755.9990844726562,-208.09898376464844,-225.0055694580078
585,75.99108329566229,67.37641312,33.87061362406662,-776.405517578125,-34.05986785888672,-97.82810974121094
586,73.37533984132457,67.37641312,33.707354498133235,-796.801025390625,146.59512329101562,129.66368103027344
587,70.75959638698687,67.37641312,33.544095372199855,-823.1856689453125,314.73565673828125,390.44775390625
588,68.14385293264915,67.37641312,33.38083624626647,-835.7064819335938,483.8206481933594,649.5230102539062
589,65.52810947831145,67.37641312,33.21757712033309,-855.7334594726562,642.7571411132812,925.9642944335938
590,62.91236602397374,67.37641312,33.0543179943997,-873.3114624023438,788.8163452148438,1164.7069091796875
591,60.29662256963603,67.37641312,32.891058868466324,-884.3090209960938,930.4141845703125,1379.3643798828125
592,57.68087911529832,67.37641312,32.72779974253294,-899.8287353515625,1049.75830078125,1566.1771240234375
593,55.06513566096061,67.37641312,32.56454061659956,-910.9978637695312,1148.26611328125,1709.83740234375
594,78.60682675,67.37641312,34.03387275,-761.7203979492188,-205.83766174316406,-225.2173614501953
595,78.60682675,67.37641312,34.03387275,-759.9859619140625,-208.86343383789062,-225.01109313964844
596,76.00633316270205,67.37641312,33.70798862406971,-791.943359375,-33.34658432006836,-79.86967468261719
597,73.4058395754041,67.37641312,33.38210449813943,-822.335205078125,143.15147399902344,148.39572143554688
598,70.80534598810614,67.37641312,33.05622037220915,-858.0765991210938,314.5648498535156,436.5406494140625
599,68.20485240080819,67.37641312,32.73033624627886,-888.7622680664062,484.8707580566406,690.7976684570312
600,65.60435881351025,67.37641312,32.40445212034857,-919.3233032226562,645.3844604492188,991.3602294921875
601,63.0038652262123,67.37641312,32.078567994418286,-948.8148803710938,794.2672729492188,1242.916015625
602,60.403371638914344,67.37641312,31.752683868488003,-969.3881225585938,931.7493286132812,1466.9989013671875
603,57.80287805161639,67.37641312,31.42679974255772,-990.9796142578125,1049.4715576171875,1644.47509765625
604,55.20238446431844,67.37641312,31.100915616627432,-1006.0183715820312,1157.930908203125,1793.732666015625
605,78.60682675,67.37641312,34.03387275,-759.2027587890625,-207.00112915039062,-225.21421813964844
606,78.60682675,67.37641312,34.03387275,-761.2293090820312,-208.80050659179688,-234.56141662597656
607,76.03168378473443,67.37641312,33.546629412893864,-800.3486938476562,-33.61460494995117,-75.26864624023438
608,73.45654081946884,67.37641312,33.05938607578772,-849.9334716796875,143.60023498535156,175.8007049560547
609,70.88139785420327,67.37641312,32.572142738681585,-888.5671997070312,314.3923645019531,464.9657287597656
610,68.3062548889377,67.37641312,32.08489940157544,-936.499755859375,482.4295349121094,753.2704467773438
611,65.73111192367212,67.37641312,31.597656064469305,-982.130615234375,638.9483642578125,1044.0108642578125
612,63.15596895840655,67.37641312,31.110412727363165,-1018.1661376953125,788.3887939453125,1297.64306640625
613,60.58082599314096,67.37641312,30.623169390257026,-1049.2286376953125,926.1065673828125,1537.1429443359375
614,58.00568302787539,67.37641312,30.135926053150886,-1083.0068359375,1044.797119140625,1726.851806640625
615,55.430540062609815,67.37641312,29.648682716044746,-1105.9044189453125,1153.9342041015625,1891.736083984375
616,78.60682675,67.37641312,34.03387275,-755.9989013671875,-204.51266479492188,-220.28565979003906
617,78.60682675,67.37641312,34.03387275,-760.3882446289062,-210.12254333496094,-224.27198791503906
618,76.06703669567462,67.37641312,33.38716273688669,-813.6316528320312,-40.9547119140625,-64.56092071533203
619,73.52724664134925,67.37641312,32.74045272377338,-870.9340209960938,135.62234497070312,191.54896545410156
620,70.98745658702387,67.37641312,32.09374271066007,-930.8330078125,306.65911865234375,497.5923767089844
621,68.44766653269849,67.37641312,31.447032697546756,-982.1593017578125,470.83648681640625,804.5676879882812
622,65.90787647837313,67.37641312,30.800322684433443,-1037.88330078125,636.7286376953125,1112.1339111328125
623,63.368086424047746,67.37641312,30.153612671320133,-1085.431884765625,784.31591796875,1374.69482421875
624,60.828296369722366,67.37641312,29.506902658206823,-1136.622314453125,926.3228759765625,1616.8433837890625
625,58.288506315397,67.37641312,28.860192645093512,-1173.38037109375,1045.4664306640625,1820.3062744140625
626,55.74871626107162,67.37641312,28.2134826319802,-1204.8126220703125,1155.494384765625,1988.81396484375
627,78.60682675,67.37641312,34.03387275,-762.2201538085938,-208.5142364501953,-223.87606811523438
628,78.60682675,67.37641312,34.03387275,-759.5354614257812,-207.87466430664062,-222.8107147216797
629,76.11225457886344,67.37641312,33.23020799147055,-827.6572265625,-38.63203811645508,-47.13221740722656
630,73.6176824077269,67.37641312,32.42654323294111,-896.552490234375,129.96304321289062,215.33908081054688
631,71.12311023659035,67.37641312,31.62287847441166,-968.1896362304688,300.8033447265625,533.4437255859375
632,68.6285380654538,67.37641312,30.819213715882213,-1035.7310791015625,466.17437744140625,850.702880859375
633,66.13396589431726,67.37641312,30.015548957352763,-1100.8011474609375,624.7604370117188,1180.6038818359375
634,63.6393937231807,67.37641312,29.21188419882332,-1161.34375,772.1454467773438,1440.57763671875
635,61.14482155204415,67.37641312,28.40821944029387,-1215.6885986328125,913.284423828125,1689.114501953125
636,58.65024938090761,67.37641312,27.604554681764423,-1269.4268798828125,1031.5909423828125,1898.617431640625
637,56.155677209771056,67.37641312,26.800889923234976,-1302.0006103515625,1136.6060791015625,2066.10498046875
638,78.60682675,67.37641312,34.03387275,-764.0653076171875,-204.536376953125,-222.75424194335938
639,78.60682675,67.37641312,34.03387275,-762.69873046875,-211.78872680664062,-233.1801300048828
640,76.16716180042832,67.37641312,33.07637481530641,-837.0277709960938,-43.98133087158203,-41.14865493774414
641,73.72749685085662,67.37641312,32.11887688061281,-924.3839111328125,120.91067504882812,228.3223114013672
642,71.28783190128495,67.37641312,31.161378945919214,-1003.2921752929688,290.5649108886719,540.7969360351562
643,68.84816695171325,67.37641312,30.20388101122562,-1082.5784912109375,454.1914978027344,886.3291015625
644,66.40850200214157,67.37641312,29.246383076532027,-1163.539306640625,616.9686279296875,1216.0146484375
645,63.96883705256989,67.37641312,28.28888514183843,-1233.790283203125,759.771484375,1494.5443115234375
646,61.5291721029982,67.37641312,27.331387207144836,-1301.156005859375,892.9987182617188,1753.0985107421875
647,59.08950715342652,67.37641312,26.37388927245124,-1355.4444580078125,1018.0260009765625,1973.8336181640625
648,56.64984220385483,67.37641312,25.416391337757645,-1407.1578369140625,1123.0069580078125,2144.0927734375
649,78.60682675,67.37641312,34.03387275,-762.3533325195312,-204.08050537109375,-233.1470489501953
650,78.60682675,67.37641312,34.03387275,-762.498046875,-206.01904296875,-230.3009796142578
651,76.23154509147477,67.37641312,32.926260722354584,-851.682373046875,-47.266361236572266,-39.496768951416016
652,73.85626343294956,67.37641312,31.818648694709164,-943.4251708984375,115.28282165527344,235.75416564941406
653,71.48098177442434,67.37641312,30.71103666706375,-1038.101318359375,278.67901611328125,578.7804565429688
654,69.10570011589913,67.37641312,29.603424639418332,-1130.894287109375,435.2455749511719,920.512451171875
655,66.7304184573739,67.37641312,28.495812611772912,-1221.26513671875,594.3387451171875,1249.46630859375
656,64.35513679884868,67.37641312,27.388200584127496,-1304.686279296875,738.4451293945312,1545.522216796875
657,61.979855140323465,67.37641312,26.28058855648208,-1384.3848876953125,868.5361938476562,1815.981201171875
658,59.60457348179824,67.37641312,25.172976528836664,-1448.1646728515625,990.3594970703125,2036.7867431640625
659,57.22929182327302,67.37641312,24.065364501191244,-1508.9605712890625,1091.81396484375,2224.522216796875
660,77.73682674999999,60.126413119999995,34.03387275,-743.04443359375,-235.75001525878906,-327.88104248046875
661,77.73682674999999,60.126413119999995,34.03387275,-742.8363037109375,-238.0592803955078,-318.9654541015625
662,74.74097600951774,60.126413119999995,35.430860892976206,-678.10107421875,-89.72124481201172,-257.4410705566406
663,71.74512526903547,60.126413119999995,36.827849035952404,-614.5352172851562,52.42566680908203,-156.70762634277344
664,68.74927452855322,60.126413119999995,38.22483717892861,-541.6804809570312,192.73431396484375,-20.975675582885742
665,65.75342378807096,60.126413119999995,39.62182532190481,-481.8177185058594,322.27410888671875,122.04657745361328
666,62.75757304758869,60.126413119999995,41.01881346488101,-425.8467712402344,431.8135986328125,263.66912841796875
667,59.76172230710644,60.126413119999995,42.41580160785721,-374.2718200683594,533.9515380859375,406.8373718261719
668,56.765871566624185,60.126413119999995,43.81278975083342,-322.63336181640625,628.0776977539062,528.7482299804688
669,53.77002082614192,60.126413119999995,45.209777893809616,-278.60064697265625,705.9287109375,633.8429565429688
670,50.77417008565966,60.126413119999995,46.60676603678582,-238.15245056152344,771.0845336914062,729.2711181640625
671,77.73682674999999,60.126413119999995,34.03387275,-740.56689453125,-231.03701782226562,-288.8454284667969
672,77.73682674999999,60.126413119999995,34.03387275,-738.1441650390625,-238.80001831054688,-293.1322937011719
673,74.65977185864831,60.126413119999995,35.2415278027667,-686.5423583984375,-83.83643341064453,-245.04617309570312
674,71.58271696729665,60.126413119999995,36.449182855533394,-631.4813232421875,62.897682189941406,-133.77122497558594
675,68.50566207594497,60.126413119999995,37.65683790830009,-573.19140625,204.2362060546875,12.264659881591797
676,65.42860718459329,60.126413119999995,38.86449296106679,-513.2313842773438,338.4735107421875,169.16473388671875
677,62.35155229324162,60.126413119999995,40.072148013833484,-461.99737548828125,458.8124694824219,330.2776794433594
678,59.274497401889946,60.126413119999995,41.27980306660018,-417.0244140625,568.1644287109375,475.73614501953125
679,56.197442510538266,60.126413119999995,42.48745811936688,-373.41607666015625,665.0682983398438,606.888916015625
680,53.1203876191866,60.126413119999995,43.695113172133574,-337.0259094238281,742.2144775390625,713.7675170898438
681,50.04333272783492,60.126413119999995,44.90276822490027,-304.517578125,809.8232421875,813.286376953125
682,77.73682674999999,60.126413119999995,34.03387275,-741.0822143554688,-232.55406188964844,-287.2151184082031
683,77.73682674999999,60.126413119999995,34.03387275,-738.3150024414062,-235.2433624267578,-297.1017761230469
684,74.59051950712507,60.126413119999995,35.04750397697408,-693.3173828125,-79.23860168457031,-232.5347900390625
685,71.44421226425014,60.126413119999995,36.061135203948155,-648.5354614257812,72.04344177246094,-104.9062271118164
686,68.29790502137521,60.126413119999995,37.07476643092223,-599.4712524414062,213.3633575439453,39.56855010986328
687,65.15159777850029,60.126413119999995,38.08839765789631,-557.01416015625,352.0975646972656,207.60205078125
688,62.005290535625356,60.126413119999995,39.102028884870386,-510.5988464355469,477.8464050292969,378.65655517578125
689,58.85898329275043,60.126413119999995,40.11566011184446,-469.2278747558594,592.8772583007812,539.2589721679688
690,55.7126760498755,60.126413119999995,41.12929133881854,-435.40716552734375,688.9710693359375,680.4630737304688
691,52.56636880700057,60.126413119999995,42.14292256579262,-401.050048828125,772.3958740234375,794.8912353515625
692,49.420061564125646,60.126413119999995,43.156553792766694,-375.6977233886719,840.5260620117188,882.70263671875
693,77.73682674999999,60.126413119999995,34.03387275,-741.5969848632812,-235.893310546875,-297.72332763671875
694,77.73682674999999,60.126413119999995,34.03387275,-742.6397094726562,-233.19093322753906,-296.74609375
695,74.53348794274277,60.126413119999995,34.849543036809585,-704.6434326171875,-75.96306610107422,-217.09031677246094
696,71.33014913548553,60.126413119999995,35.66521332361916,-668.531005859375,76.23188781738281,-84.69718170166016
697,68.1268103282283,60.126413119999995,36.48088361042875,-630.5812377929688,226.64002990722656,72.6939468383789
698,64.92347152097108,60.126413119999995,37.296553897238326,-597.741455078125,363.89306640625,258.5646667480469
699,61.72013271371384,60.126413119999995,38.11222418404791,-562.0914306640625,497.3251037597656,445.31024169921875
700,58.51679390645661,60.126413119999995,38.92789447085749,-529.4171142578125,609.366455078125,611.0757446289062
701,55.31345509919939,60.126413119999995,39.74356475766707,-498.45819091796875,716.0825805664062,743.217041015625
702,52.110116291942155,60.126413119999995,40.55923504447665,-472.7420959472656,805.0264892578125,873.5358276367188
703,48.90677748468492,60.126413119999995,41.374905331286236,-449.4038391113281,871.6617431640625,972.30224609375
704,77.73682674999999,60.126413119999995,34.03387275,-736.2975463867188,-234.62734985351562,-300.1203918457031
705,77.73682674999999,60.126413119999995,34.03387275,-741.626953125,-233.8236846923828,-295.9794616699219
706,74.48889868570107,60.126413119999995,34.64841389589964,-712.85302734375,-72.91841125488281,-198.66845703125
707,71.24097062140214,60.126413119999995,35.26295504179927,-690.4671020507812,80.84133911132812,-64.6278305053711
708,67.99304255710322,60.126413119999995,35.8774961876989,-664.6858520507812,235.595458984375,103.34027862548828
709,64.74511449280429,60.126413119999995,36.49203733359854,-636.2322998046875,379.9942626953125,299.7496337890625
710,61.49718642850537,60.126413119999995,37.106578479498175,-614.62841796875,513.3887329101562,492.06610107421875
711,58.24925836420645,60.126413119999995,37.72111962539781,-585.2156982421875,632.3612060546875,674.5523071289062
712,55.00133029990752,60.126413119999995,38.33566077129744,-566.3349609375,735.0593872070312,814.8921508789062
713,51.7534022356086,60.126413119999995,38.95020191719708,-546.3328247070312,822.570556640625,940.8764038085938
714,48.50547417130967,60.126413119999995,39.564743063096714,-527.621337890625,898.6497192382812,1047.321044921875
715,77.73682674999999,60.126413119999995,34.03387275,-742.063232421875,-233.15016174316406,-289.25738525390625
716,77.73682674999999,60.126413119999995,34.03387275,-743.3421020507812,-235.1199188232422,-292.24578857421875
717,74.45692492818276,60.126413119999995,34.44489777369586,-724.018310546875,-71.8929672241211,-192.02743530273438
718,71.17702310636552,60.126413119999995,34.85592279739171,-715.2277221679688,87.4394760131836,-41.58694839477539
719,67.89712128454829,60.126413119999995,35.26694782108757,-697.560546875,241.8926544189453,139.36431884765625
720,64.61721946273106,60.126413119999995,35.677972844783426,-681.3074951171875,388.48468017578125,340.93829345703125
721,61.33731764091382,60.126413119999995,36.088997868479275,-667.455322265625,525.7476196289062,531.827392578125
722,58.05741581909658,60.126413119999995,36.50002289217513,-649.0521850585938,646.001708984375,717.5838623046875
723,54.77751399727934,60.126413119999995,36.91104791587099,-635.2296142578125,750.9197998046875,882.1338500976562
724,51.49761217546211,60.126413119999995,37.322072939566844,-618.341796875,838.026123046875,1017.5216064453125
725,48.217710353644875,60.126413119999995,37.7330979632627,-610.6898193359375,919.3224487304688,1118.6708984375
726,77.73682674999999,60.126413119999995,34.03387275,-739.396728515625,-234.02743530273438,-299.5001525878906
727,77.73682674999999,60.126413119999995,34.03387275,-740.4036254882812,-237.39361572265625,-301.9820251464844
728,74.43769086164612,60.126413119999995,34.23978516108715,-737.65673828125,-71.92576599121094,-180.64410400390625
729,71.13855497329226,60.126413119999995,34.445697572174296,-736.273193359375,91.32403564453125,4.066972255706787
730,67.83941908493838,60.126413119999995,34.65160998326145,-729.1362915039062,244.76742553710938,166.9917449951172
731,64.54028319658451,60.126413119999995,34.8575223943486,-724.5811767578125,395.5301208496094,381.5108337402344
732,61.241147308230644,60.126413119999995,35.06343480543575,-714.5847778320312,533.2255249023438,590.6068725585938
733,57.94201141987678,60.126413119999995,35.269347216522895,-709.3118286132812,653.193359375,781.5831909179688
734,54.642875531522904,60.126413119999995,35.47525962761005,-705.9934692382812,762.2108154296875,950.136962890625
735,51.343739643169044,60.126413119999995,35.6811720386972,-696.7183227539062,856.12158203125,1085.3682861328125
736,48.04460375481517,60.126413119999995,35.887084449784346,-694.00537109375,938.0413208007812,1194.0926513671875
737,77.73682674999999,60.126413119999995,34.03387275,-742.2014770507812,-236.44845581054688,-296.3701171875
738,77.73682674999999,60.126413119999995,34.03387275,-745.426025390625,-236.3388214111328,-302.0697326660156
739,74.43127119444443,60.126413119999995,34.03387275,-744.8662109375,-71.72887420654297,-179.42562866210938
740,71.12571563888888,60.126413119999995,34.03387275,-751.8014526367188,90.01042175292969,8.36620044708252
741,67.82016008333332,60.126413119999995,34.03387275,-763.717041015625,247.18194580078125,212.59829711914062
742,64.51460452777778,60.126413119999995,34.03387275,-768.6390991210938,394.3199462890625,426.8610534667969
743,61.20904897222221,60.126413119999995,34.03387275,-771.891845703125,535.0701904296875,653.3053588867188
744,57.90349341666666,60.126413119999995,34.03387275,-775.0006713867188,664.4404296875,853.0711669921875
745,54.597937861111106,60.126413119999995,34.03387275,-776.6964721679688,771.6982421875,1022.6881713867188
746,51.29238230555555,60.126413119999995,34.03387275,-777.5513305664062,867.2615356445312,1162.8555908203125
747,47.98682674999999,60.126413119999995,34.03387275,-772.9137573242188,946.68115234375,1278.7703857421875
748,77.73682674999999,60.126413119999995,34.03387275,-743.6102905273438,-237.01768493652344,-292.9839782714844
749,77.73682674999999,60.126413119999995,34.03387275,-738.1781005859375,-237.4177703857422,-296.990478515625
750,74.43769086164612,60.126413119999995,33.82796033891285,-758.4518432617188,-76.44623565673828,-152.99485778808594
751,71.13855497329226,60.126413119999995,33.622047927825705,-775.4232177734375,87.8913803100586,49.539649963378906
752,67.83941908493838,60.126413119999995,33.41613551673855,-796.7495727539062,245.42213439941406,252.40614318847656
753,64.54028319658451,60.126413119999995,33.2102231056514,-811.0947265625,395.66558837890625,482.036376953125
754,61.241147308230644,60.126413119999995,33.00431069456425,-824.9843139648438,539.8114013671875,704.3248901367188
755,57.94201141987678,60.126413119999995,32.798398283477106,-840.9647827148438,666.8793334960938,912.887939453125
756,54.642875531522904,60.126413119999995,32.59248587238995,-848.6481323242188,775.5014038085938,1091.6124267578125
757,51.343739643169044,60.126413119999995,32.3865734613028,-855.4049072265625,875.4391479492188,1252.29541015625
758,48.04460375481517,60.126413119999995,32.180661050215654,-861.2269287109375,954.9664306640625,1357.46337890625
759,77.73682674999999,60.126413119999995,34.03387275,-744.096923828125,-231.05111694335938,-290.7642822265625
760,77.73682674999999,60.126413119999995,34.03387275,-741.7037963867188,-235.68487548828125,-296.95684814453125
761,74.45692492818276,60.126413119999995,33.622847726304144,-767.7589111328125,-73.7580795288086,-145.2201385498047
762,71.17702310636552,60.126413119999995,33.21182270260829,-801.8051147460938,90.75410461425781,56.389617919921875
763,67.89712128454829,60.126413119999995,32.80079767891243,-829.8858642578125,247.77377319335938,293.91046142578125
764,64.61721946273106,60.126413119999995,32.389772655216575,-857.8610229492188,394.6119384765625,526.8812255859375
765,61.33731764091382,60.126413119999995,31.978747631520722,-881.2140502929688,537.8317260742188,761.2197875976562
766,58.05741581909658,60.126413119999995,31.567722607824866,-903.7476196289062,663.3761596679688,975.497314453125
767,54.77751399727934,60.126413119999995,31.156697584129013,-921.4127197265625,778.490478515625,1162.998779296875
768,51.49761217546211,60.126413119999995,30.745672560433157,-935.7213745117188,873.2992553710938,1311.7821044921875
769,48.217710353644875,60.126413119999995,30.3346475367373,-946.9784545898438,958.1578369140625,1437.3905029296875
770,77.73682674999999,60.126413119999995,34.03387275,-744.5095825195312,-233.7924041748047,-292.25665283203125
771,77.73682674999999,60.126413119999995,34.03387275,-740.1787109375,-234.89549255371094,-296.4408264160156
772,74.48889868570107,60.126413119999995,33.419331604100364,-781.48828125,-75.9677963256836,-131.59156799316406
773,71.24097062140214,60.126413119999995,32.80479045820073,-822.3469848632812,85.7769546508789,76.21473693847656
774,67.99304255710322,60.126413119999995,32.19024931230109,-863.0537719726562,240.750244140625,314.0811767578125
775,64.74511449280429,60.126413119999995,31.57570816640146,-899.5,395.7881164550781,582.8803100585938
776,61.49718642850537,60.126413119999995,30.961167020501822,-934.4407958984375,535.0125732421875,814.96630859375
777,58.24925836420645,60.126413119999995,30.346625874602186,-969.5499267578125,661.8370971679688,1043.2100830078125
778,55.00133029990752,60.126413119999995,29.732084728702553,-991.5365600585938,775.520263671875,1226.687255859375
779,51.7534022356086,60.126413119999995,29.117543582802917,-1016.4805297851562,872.5884399414062,1389.6951904296875
780,48.50547417130967,60.126413119999995,28.50300243690328,-1032.9962158203125,954.85205078125,1516.973388671875
781,77.73682674999999,60.126413119999995,34.03387275,-740.6007080078125,-234.02281188964844,-288.1893615722656
782,77.73682674999999,60.126413119999995,34.03387275,-742.9262084960938,-235.1138916015625,-290.321044921875
783,74.53348794274277,60.126413119999995,33.218202463190416,-794.2599487304688,-74.60077667236328,-127.24351501464844
784,71.33014913548553,60.126413119999995,32.40253217638084,-845.74609375,81.45803833007812,102.18986511230469
785,68.1268103282283,60.126413119999995,31.586861889571253,-898.1608276367188,237.55133056640625,360.4268493652344
786,64.92347152097108,60.126413119999995,30.77119160276167,-944.4871826171875,391.8072509765625,627.9849853515625
787,61.72013271371384,60.126413119999995,29.95552131595209,-988.804443359375,528.1551513671875,874.9462280273438
788,58.51679390645661,60.126413119999995,29.13985102914251,-1032.6181640625,656.2810668945312,1101.1204833984375
789,55.31345509919939,60.126413119999995,28.324180742332928,-1069.4652099609375,771.9912719726562,1302.6842041015625
790,52.110116291942155,60.126413119999995,27.508510455523343,-1100.39453125,871.2918090820312,1466.1248779296875
791,48.90677748468492,60.126413119999995,26.69284016871376,-1122.22607421875,952.9318237304688,1603.4136962890625
792,77.73682674999999,60.126413119999995,34.03387275,-746.9232788085938,-232.27467346191406,-287.0734558105469
793,77.73682674999999,60.126413119999995,34.03387275,-742.7824096679688,-237.5884246826172,-288.6541442871094
794,74.59051950712507,60.126413119999995,33.02024152302592,-804.238037109375,-80.06939697265625,-115.85382843017578
795,71.44421226425014,60.126413119999995,32.006610296051846,-868.58740234375,76.52794647216797,113.8909683227539
796,68.29790502137521,60.126413119999995,30.99297906907777,-931.3718872070312,230.1102294921875,378.4231872558594
797,65.15159777850029,60.126413119999995,29.979347842103692,-990.8399658203125,381.4169616699219,664.4454956054688
798,62.00529053562536,60.12641311999999,28.965716615129615,-1047.3109130859375,517.7008666992188,923.4844360351562
799,58.85898329275043,60.12641311999999,27.952085388155535,-1094.9747314453125,647.4036254882812,1152.859375
800,55.712676049875505,60.12641311999999,26.938454161181458,-1142.9886474609375,759.5833740234375,1361.5020751953125
801,52.56636880700058,60.12641311999999,25.92482293420738,-1181.4495849609375,854.6942749023438,1528.3199462890625
802,49.42006156412565,60.12641311999999,24.911191707233304,-1210.4366455078125,937.37548828125,1669.3741455078125
803,77.73682674999999,60.126413119999995,34.03387275,-746.0211791992188,-235.90953063964844,-287.5074157714844
804,77.73682674999999,60.126413119999995,34.03387275,-744.2142944335938,-238.843505859375,-297.4542236328125
805,74.65977185864831,60.126413119999995,32.826217697233304,-818.4356689453125,-84.54153442382812,-119.4716796875
806,71.58271696729665,60.126413119999995,31.618562644466607,-886.4591674804688,70.9110336303711,116.82904052734375
807,68.50566207594497,60.126413119999995,30.41090759169991,-961.8939819335938,219.4813690185547,395.9830322265625
808,65.42860718459329,60.126413119999995,29.203252538933214,-1032.7703857421875,368.7275390625,693.2689208984375
809,62.351552293241625,60.12641311999999,27.995597486166517,-1102.25341796875,503.2906188964844,953.7431030273438
810,59.274497401889946,60.12641311999999,26.787942433399824,-1164.545166015625,630.4253540039062,1206.7445068359375
811,56.19744251053827,60.12641311999999,25.580287380633127,-1215.71826171875,742.2697143554688,1421.0247802734375
812,53.1203876191866,60.12641311999999,24.37263232786643,-1259.82275390625,841.1698608398438,1596.08642578125
813,50.04333272783492,60.12641311999999,23.164977275099734,-1299.6617431640625,927.1068115234375,1740.6842041015625
814,77.73682674999999,60.126413119999995,34.03387275,-744.86669921875,-234.06903076171875,-288.919189453125
815,77.73682674999999,60.126413119999995,34.03387275,-746.07763671875,-232.8978271484375,-287.68743896484375
816,74.74097600951774,60.126413119999995,32.636884607023795,-828.7128295898438,-87.72486877441406,-107.23723602294922
817,71.74512526903547,60.126413119999995,31.239896464047597,-914.6014404296875,65.92167663574219,145.07180786132812
818,68.74927452855322,60.126413119999995,29.84290832107139,-995.5303955078125,211.39259338378906,427.04052734375
819,65.75342378807096,60.126413119999995,28.445920178095193,-1077.552490234375,353.8138732910156,722.88037109375
820,62.75757304758869,60.12641311999999,27.048932035118987,-1154.1181640625,491.2335510253906,998.3041381835938
821,59.76172230710644,60.12641311999999,25.651943892142786,-1227.980224609375,612.8372802734375,1264.6876220703125
822,56.76587156662418,60.12641311999999,24.254955749166584,-1291.135986328125,724.1597900390625,1475.0989990234375
823,53.770020826141916,60.12641311999999,22.857967606190382,-1347.5379638671875,817.0149536132812,1664.1171875
824,50.77417008565966,60.12641311999999,21.46097946321418,-1392.163818359375,901.0601196289062,1808.2926025390625
